x1,x2,x3,x4
10.338496407494414,-0.4152879139008013,0.7918922989212784,1.0
9.549934528520756,0.6228499323474987,-0.4273481656261684,1.0
9.47727697948096,1.0490092258368893,-0.8989364335610011,1.0
10.02831837613046,0.02975613949574519,0.22354263150649967,1.0
9.010395179741419,-0.12578692009964815,0.14962616528161177,1.0
9.962365297575152,1.1033018820165215,0.026315202251189662,1.0
13.078880808455239,1.1195749114345768,0.5192427156078834,1.0
0.6241198170521551,0.6283455092642799,-0.5987608935312188,0.0
0.2088635950047554,-1.9596701238797756,-0.15868551560446775,0.0
-0.846793718068405,-1.5148472246858646,-0.8098866646065788,0.0
10.33231401197959,-0.7484865365565536,0.774075552197796,1.0
-0.0771017094141042,0.3411519748166439,-0.4053479586343074,0.0
9.226210800896427,-1.244654703311417,0.8721265694938214,1.0
0.36139560550841393,1.5380365664659692,0.5737979847360033,0.0
0.06023020994102644,2.463242112485286,0.9008084590647347,0.0
0.25755039072276437,-0.07444591576616721,-0.1793622811219837,0.0
10.270456825779839,-0.05023810944913695,-0.4227343774182408,1.0
-0.1087601484568576,0.40171172209894146,-0.1317938338575606,0.0
-0.9080240755212109,-1.4123037013352915,0.17430572813462075,0.0
0.5049872789804571,0.8657551941701215,0.32290915309126134,0.0
-0.8084936028931876,-0.5017570435845365,-0.8040081157177803,0.0
10.256029734313875,0.9826909839455139,-0.6452455752339965,1.0
9.353427115757473,-1.081548003614395,0.12741269282506051,1.0
10.49331790088089,0.1848361236948739,0.6128785945712341,1.0
0.570890510693167,1.135565640180599,0.08648909259356619,0.0
0.25049285034587654,0.3464482094969757,-0.44170358142465393,0.0
10.109394794604892,0.725766623898692,-0.8878459451889269,1.0
10.4134349032237,1.876795812558066,0.028626949686981762,1.0
0.29612027706457605,0.26105527217988933,-0.34587730314325715,0.0
8.59248830528218,-0.7778166875908753,-0.20221834897883828,1.0
9.34816389219784,0.047398671316414016,0.14161074431657905,1.0
7.349030191606988,1.0915068519224618,-0.49025212901359194,1.0
1.030999522495951,0.9312801191161986,-0.19613966078117473,0.0
0.36163602504763415,-0.6451197546051243,0.7729682329690564,0.0
9.300274492007414,0.213979910734222,0.21076237369559658,1.0
-0.44004448669698376,0.13074057728609134,0.04185804864448772,0.0
-1.0623037137261049,0.4735924306351816,0.8520919792207329,0.0
10.055724912288694,1.0941915184709485,-0.6976925032940502,1.0
0.21409374413020396,-1.245738778711988,0.8872937978873994,0.0
12.573359803249861,0.05921843401448826,-0.4971547342379312,1.0
1.083051243175277,1.053802052034903,-0.9841318198548878,0.0
-0.15178509503558332,0.5883172064845765,0.10230799929573253,0.0
9.754256935914055,-0.2727235697476705,0.47578993068286923,1.0
0.6256673477650062,-0.8571575564162826,0.059069156492698616,0.0
10.710959968203491,0.44426331148603976,-0.7582043342538505,1.0
0.045571839903813784,-0.6516003476058171,0.7772192745044801,0.0
1.477894044741516,-0.5182702182736474,-0.5053939794071438,0.0
10.186766764477078,-0.7553829323533225,-0.5609842010391517,1.0
-0.48536354782910346,0.08187413938632256,-0.9927208870234829,0.0
10.235614558108566,0.7708651938869668,0.30362773648570496,1.0
9.759674601841866,-0.3748208075495975,0.27066012429971664,1.0
-0.01851313599238993,-0.2886586389201383,-0.39731415366003464,0.0
10.259722501721482,-0.9043166251044086,-0.5206596043817522,1.0
10.645375949585148,1.3686315575323487,0.9630094047391062,1.0
-1.5506634310661327,0.06856297480602733,0.11930536474953013,0.0
8.465885829264378,1.277676821898509,0.8758463087957282,1.0
9.426337993119764,-0.5468589412403921,-0.6564882051567476,1.0
8.30753537028518,1.5295503194606137,-0.7074915801799588,1.0
10.013929291912946,-0.024125087110003277,0.03423753153021636,1.0
9.751035851520927,0.9715709509543554,0.05102450798893532,1.0
8.719570647503717,1.7547941819843647,0.9705422377526061,1.0
0.33126343140356396,0.9755451271223592,-0.5947568240261121,0.0
10.170865438127942,-0.18398333635267913,-0.9249414476202169,1.0
10.1202956317119,0.514438834058749,0.7661411310051371,1.0
-0.7832532923362371,-0.3220615162056756,0.05709836878678365,0.0
11.628615545571291,-1.3801014582148914,0.7811977995759218,1.0
9.124381746615242,-1.382799730964336,-0.3987571879383762,1.0
9.236740843457483,-1.804882100664519,0.5211946652942436,1.0
-1.1913034972026486,0.6565536086338297,-0.9216933417447908,0.0
0.6862601903745135,-1.6127158711896517,0.49241285884155417,0.0
11.882024496475033,1.3454200461549777,-0.22319143842245515,1.0
0.9633761292443218,0.4127809269364983,0.8685043848549074,0.0
0.24496657110872277,-0.5069431753711298,-0.8020067124835724,0.0
8.52141375422016,1.143754043206929,0.4521568789851671,1.0
0.8723206367206782,0.18334200573835174,0.1303142479785684,0.0
-1.4153707420504142,-0.42064532276535904,0.10677749670222347,0.0
-0.2453881160028705,-0.7537361643574896,-0.14569240849513365,0.0
2.1221561970126332,1.0324652605511468,0.38784741596670225,0.0
-0.21967188783751193,0.3571125715117464,0.42248230449352886,0.0
-1.4480843414973241,-1.4074637743765552,0.37802918018617726,0.0
9.45508091319105,0.39913611435207086,0.8431442837333323,1.0
9.141642219818786,0.7003098794089914,-0.25932235653636027,1.0
8.405572341205634,-0.5993750229537729,-0.5087142406980205,1.0
10.593101257968383,-0.3095464393139903,0.6992270201274531,1.0
10.478979825746391,0.3336621052869483,-0.14236881787239275,1.0
0.8995998754332507,0.30729952087660933,0.6125684167254899,0.0
-0.4710383056183228,0.2320499373576363,0.2861728565597792,0.0
10.018418379189551,1.6764373122752827,-0.8783116785922447,1.0
9.050601111168056,2.632382064837391,0.9866007126278831,1.0
-0.8289950109220723,-0.5601810401969696,0.8804787572030324,0.0
8.695530499495147,0.6696725488300385,-0.27413855610997695,1.0
10.211017467202618,-0.09671311187039239,-0.8353040003596992,1.0
9.745022782579145,1.5039929885826886,0.04719816639145158,1.0
2.1330333746562666,-1.9520877995225019,0.5044647084770444,0.0
11.551151975522522,0.11567463429285867,-0.33909756770333965,1.0
9.486133082663306,-1.0592135218889516,-0.9250634177031996,1.0
-0.8895144296255233,-0.8158102849654383,0.6596147295388792,0.0
10.005243699718184,0.046980593764742055,-0.9932234803799853,1.0
11.00629280921444,-0.5768918695231487,0.5392684517725594,1.0
10.048521627944828,-0.8309501164110378,0.8741929106813542,1.0
11.167782061659807,0.2544208433012131,0.9136449442644357,1.0
11.201213922163944,-0.4080753730215514,-0.5298791768161519,1.0
9.512393775927507,-0.4325581878196209,0.7394285085429624,1.0
12.060747924881987,1.7553408424432044,-0.9224341456407115,1.0
9.992027358683382,1.4799441388900259,-0.5219630118035419,1.0
-0.7925207384327007,-0.11473644146689901,-0.07482759957896046,0.0
0.29307247329868125,-0.7143514180263678,-0.8840342400252188,0.0
0.47323762457354485,-0.07282891265687277,-0.34978138548155036,0.0
10.326927373764162,-0.21910052880886424,0.6831107695610668,1.0
8.777872191108054,0.7129984301723881,0.0462593821345767,1.0
9.475479733720226,0.48937456122791806,0.7486929312449169,1.0
10.654365656354058,-0.05558467091045507,-0.2955534117129597,1.0
0.22409248181041677,0.01259240078179486,-0.7500759806484458,0.0
10.394452142378297,-0.42098448082026296,-0.23647305419226505,1.0
1.4412732890661155,-1.4358621511794394,0.7974014300861929,0.0
-1.5193699659540134,-0.48423407286625136,0.02723905670427884,0.0
0.9154021177020741,0.32875110965968446,-0.6691625924546645,0.0
10.721672064043235,-1.1290517712172292,0.7601965558846513,1.0
1.2669111491866227,-0.7076694656187807,0.9024152740327578,0.0
9.730125064706629,-0.9787637157823074,-0.9517302339378566,1.0
0.22745993460412942,1.307142754282428,-0.6363068898015241,0.0
9.46974238162756,-0.7928728322623442,0.6931802540775989,1.0
10.621809962217196,-1.5702247198904564,-0.49829170807967316,1.0
9.730593165555442,0.7175422557959623,0.8172322986189684,1.0
-3.2412673400690726,-1.0243876413342898,-0.07981887510316787,0.0
9.272862824175132,-0.24751863555150475,-0.5337149387154045,1.0
-1.7249178325130328,-0.5622875292409727,-0.7479639413065375,0.0
-0.16128571166600914,0.4040508568145384,0.18442095091639543,0.0
-0.2234627853258509,0.714000494092092,-0.6143686828103376,0.0
-0.11453984525261789,1.2378163119734618,-0.573484340452961,0.0
11.848956094945345,1.1265650295477574,-0.9841480909371472,1.0
10.429618219132585,0.20768768716311115,0.9684477815429775,1.0
11.964725132916389,0.03526355197172861,-0.6750615315175827,1.0
0.822544912103189,-1.2208436499710222,0.4761189801300276,0.0
2.1898029332176723,-0.8082982853551515,0.9470385238051735,0.0
-0.4606387709597875,1.0571222262189157,0.5067336136466343,0.0
10.289774856896413,2.075400798645439,-0.9315945737102038,1.0
-0.9905363251306883,-0.5662977296027719,-0.2844798177869361,0.0
-0.8182206832334725,2.0923872756854602,-0.07976414542331156,0.0
10.337602662075202,-0.4118769661224674,0.8658359494194321,1.0
9.40760607576113,-0.863990769679816,-0.9233612898657397,1.0
0.4967141530112327,-0.13826430117118466,-0.13196740424538822,0.0
10.177701000933254,-1.3353443587101013,-0.23306051613435486,1.0
-0.46341769281246226,-0.46572975357025687,-0.7076134189979131,0.0
1.277664895788425,-0.5915713888358299,0.8110360737826845,0.0
0.3577873603482833,0.5607845263682344,-0.782458267732562,0.0
9.024126747022667,1.0536417966078395,0.5347487175287191,1.0
0.7384665799954104,0.1713682811899705,0.9115142103482683,0.0
9.423228669431667,0.755391225825756,-0.6826340684578571,1.0
-1.2608839543350452,0.9178619470547761,-0.06423182950968664,0.0
10.835692112065141,-1.129706854657618,0.9112628901248523,1.0
-0.6769220003059587,0.6116762888408679,-0.7377678271157191,0.0
9.636387787786145,-0.056945623721067457,-0.4203625544742766,1.0
0.82206015999449,1.8967929826539474,0.9382330236521144,0.0
0.44381942814622843,0.7746340534293368,0.6561470952003849,0.0
-1.1063349740060282,-1.1962066240806708,-0.8478919484394667,0.0
-0.7303666317171367,0.21645858958197486,-0.10609264922686656,0.0
0.5219415656168976,0.29698467323318606,-0.43239804090251877,0.0
0.8254163489880298,0.8135096360006385,-0.9912217977384186,0.0
0.07580455819372633,-0.6771617115121117,-0.18084167597920153,0.0
-2.025142586657607,0.18645431476942764,0.4927097702409111,0.0
9.373032942212232,1.8124485579969287,0.9057860415460797,1.0
8.296617560644846,-0.05554769889661878,-0.462034882274043,1.0
11.665474444462577,1.0143700650181304,-0.9474113250403307,1.0
10.279968626319821,-1.1254890472983765,-0.785023889528061,1.0
11.149273326285677,-0.7031764251258874,0.41871107406974706,1.0
10.11422764866204,0.1503017614618776,0.6190362278141885,1.0
0.324083969394795,-0.38508228041631654,0.12646666694561692,0.0
11.644967713501284,-0.24903603955637832,-0.47401155130010975,1.0
9.887671950309171,-0.22096959953322298,0.7250734114950601,1.0
8.932379570617405,-0.1423794850212935,0.5389902983789092,1.0
2.3146585666735087,-1.867265192591748,0.20189584316225262,0.0
1.6324113039316352,-1.4301413779606327,0.35796863110098043,0.0
0.812525822394198,1.356240028570823,0.10936082016180326,0.0
0.19905969557347003,-0.6002168771587947,-0.8089753277955987,0.0
0.3227185603380895,-0.827230943552323,-0.5396503269992907,0.0
8.393553679742428,0.2034636358672231,-0.5436743792939263,1.0
1.7654542402810969,0.40498171096095553,-0.47534356036217207,0.0
1.1581108735000678,0.7916626939629359,-0.8145606075164966,0.0
10.829405581183488,-2.211135309007885,0.33485479594547507,1.0
-0.718444221252436,-0.21344715171184725,-0.6973108123072087,0.0
8.918943459591738,1.0531528533329035,-0.7834569963901243,1.0
0.00511345664246089,-0.23458713337514692,0.4860948132287295,0.0
9.657312405919651,-0.37144086599579146,0.6702003606909888,1.0
-1.3202332070206422,1.8314587658543537,0.3230419726047158,0.0
2.1439440893253257,0.6339190223180112,-0.8314185918271004,0.0
10.614166700043425,0.7575077100473051,0.5101663177880666,1.0
10.55979044793104,1.0807807255546218,0.8696294704127967,1.0
0.8128621188389601,0.6296288419236122,-0.8736059142856882,0.0
7.932557899960123,-0.08912003951278841,0.2588476519821179,1.0
9.035076539419896,0.6860514599984393,0.48494714296370467,1.0
9.424362173762226,0.12200981464536144,-0.4479293269111648,1.0
7.918070592116278,1.6964563682900382,-0.14560474782929544,1.0
11.029155637325644,0.472597482413043,-0.7859821619372453,1.0
9.769065469791322,0.6962063648134184,-0.31181548407031867,1.0
-0.898414671348358,0.4919191715065057,-0.5533551652196724,0.0
-0.11564828238824053,-0.3011036955892888,-0.8209521058474651,0.0
9.960444846143345,0.6815006973726244,-0.2624325057602417,1.0
1.8657745111447566,0.4738329209117875,-0.19791675640469042,0.0
1.1428228145150205,0.7519330326867741,-0.11365851113790981,0.0
-0.2176812032272203,1.09877685198719,0.4647107200774534,0.0
12.560084538268795,-0.09605989972464987,0.6082561730983227,1.0
-1.236950710878082,-1.3204566130842763,-0.550737916156667,0.0
10.198084760767856,-0.14436041192394247,-0.4422337232675475,1.0
9.446350694652818,-1.1978778925888485,-0.6086638744588133,1.0
0.8135172173696698,-1.2308643164339552,0.6236779444773524,0.0
-1.006017381499702,-1.2141886127877322,0.46752562059809066,0.0
-0.7728252145375718,-0.23681860674000887,0.8185669359032361,0.0
0.27669079933001905,0.8271832490360238,0.8076809003363685,0.0
-2.123895724309807,-0.525755021680761,-0.7876267849691145,0.0
9.740408648636395,-1.5031429531181062,-0.691859489621873,1.0
10.632781866106285,2.270692857804396,-0.14649880800786907,1.0
0.5150352672086598,0.5137859509122088,0.34549610379366924,0.0
-0.013497224737933921,-1.0577109289559004,-0.8025920144593186,0.0
-0.47193186578943347,1.088950596967366,-0.12938968704743536,0.0
8.651814577894287,0.743264094022715,-0.44923915944756243,1.0
0.09707754934804039,0.9686449905328892,0.7605743382800763,0.0
9.349357430878174,-0.48712538376469605,0.8688791318729558,1.0
0.34175597577715944,1.8761708392158862,-0.3443249642002417,0.0
9.892969640045441,-1.035242322419374,0.28987987761937384,1.0
0.06752820468792384,-1.4247481862134568,0.38068225763517316,0.0
10.384065448939307,-0.03269474809409311,-0.5408183906546622,1.0
-0.6800247215784908,0.23225369716100355,-0.2921363883027004,0.0
10.71161487808889,-1.1246420918378692,0.9981595717987399,1.0
0.6476885381006925,1.5230298564080254,0.29097357035371796,0.0
9.37518142230432,0.026091050210833786,0.8783035864321287,1.0
1.158595579007404,-0.8206823183517105,-0.23582824917468548,0.0
10.271578837195374,-1.2767485758203094,-0.48267481757257036,1.0
10.195845255097682,-0.978372777615032,-0.24615020601779136,1.0
10.924027019206902,-0.18490213644298903,-0.7056725242391455,1.0
8.962753845673543,-0.1903386780836082,-0.06939530524490878,1.0
8.601432426180859,0.5629692366905709,-0.36568832115454897,1.0
11.0375399442579,-0.510016398854747,-0.925260843853309,1.0
-0.9815086510479509,0.46210347426327075,0.9308021894025946,0.0
11.523124077269657,0.5389100436846587,0.32162528053810413,1.0
-1.4785219903674274,-0.7198442083947086,-0.9190729593456157,0.0
-0.47917423784528995,-0.18565897666381712,-0.5456863253490734,0.0
-0.19236096478112252,0.30154734233361247,-0.9730351431797639,0.0
10.0865897874729,-0.15567723539207948,-0.722317651624445,1.0
9.469498852389473,-0.57581824064468,-0.09727996170797004,1.0
-0.2525681513931603,-1.2477831819648495,0.6757551068004939,0.0
0.24196227156603412,-1.913280244657798,-0.6138609728366164,0.0
10.833922154548905,0.4591800792284367,-0.5200736572892048,1.0
-0.012246772846914623,-0.8972543714858315,0.03279162682210979,0.0
0.5470973811700379,-0.20219265243389406,0.7358257449504864,0.0
-0.8397218421807761,-0.5993926454440222,0.3400391409942798,0.0
0.058208718445999896,-1.142970297830623,-0.6627903581497054,0.0
7.961875464822146,-1.008086310917404,0.6325773231278848,1.0
0.5193465142411723,1.5327389130025777,-0.9769433266053376,0.0
9.540639100459757,-0.8498443694647918,-0.27252771060629666,1.0
-0.5297602037670388,0.5132674331133561,-0.04190642376905762,0.0
9.664215300709872,1.669021525289393,0.9158341044362905,1.0
-0.5443827245251827,0.11092258970986608,0.05346482811381548,0.0
-0.8254971967925115,-0.32138584165299344,0.38609509404340225,0.0
-0.39210815313215763,-1.4635149481321186,0.39612505437683,0.0
9.76105195313359,-0.9075636620415979,0.5601274658847213,1.0
9.73111130944517,-1.1065259087416703,-0.276154358061937,1.0
-1.0708924980611123,0.4824724152431853,-0.9072299422042398,0.0
0.9751197334177512,-0.14705738150213865,0.5151316567314514,0.0
-0.5893647569442115,0.8496020970210246,0.9959084567898238,0.0
9.555706739923888,0.3773004930448522,-0.788078727766421,1.0
8.484808937801448,1.3668742674445247,0.034210671182773655,1.0
8.372457562116837,0.048084946661381994,-0.772857660090807,1.0
10.071566237219393,-0.4776574467651167,0.04120160493568359,1.0
-1.9187712152990415,-0.026513875449216878,0.26908372809177616,0.0
0.024510174258942714,0.49799829124544975,-0.4055632626270209,0.0
-0.7153037092599682,0.6795977489346758,0.00380400282396276,0.0
10.366598246096848,-0.9398797863273552,0.8115057462200208,1.0
10.871124703431692,-0.32602353216784113,0.8602118229838878,1.0
0.06428001909546277,-1.0777447779293061,-0.5407638875860377,0.0
-0.9746816702273214,0.787084603742452,-0.9183395712654738,0.0
10.371145873371308,-0.6039851867158206,0.5213774419350283,1.0
-0.03582603910995154,1.5646436558140062,-0.7495437696104073,0.0
-0.2646568332379561,2.720169166589619,0.12026214731872109,0.0
0.3109075655980046,1.475356216949552,0.32886315507805963,0.0
10.517659020469123,-0.7257438131534656,0.05181917209038844,1.0
-2.6197451040897444,0.8219025043752238,-0.011668882403346847,0.0
-0.4749453111609562,-0.6533292325737119,0.28123740307425105,0.0
8.129208078974145,-0.35151348404130867,0.13553866536208758,1.0
11.24608519249763,-2.0733902324081495,-0.8855152307049716,1.0
0.3436182895684614,-1.763040155362734,0.07111427998254727,0.0
0.0917607765355023,-1.9875689146008928,0.7038237808624248,0.0
12.445751979616826,0.1292211819752275,-0.018563235912535836,1.0
9.388482197008052,-1.4066610968482223,0.3697674445621746,1.0
8.710039100258946,-1.295078772063616,0.26281823851422703,1.0
0.9504238381860503,-0.5769036556624031,-0.29087875021084075,0.0
1.1631637521549596,0.010233061019587049,0.02351184447135446,0.0
10.632407739055521,0.9725544496267299,-0.6593952112665116,1.0
-1.2002964070557762,-0.3345012358409484,0.7098001754059098,0.0
0.5150476863060479,3.852731490654721,-0.17224032085870555,0.0
9.933920201352683,-1.2110161997624567,0.91368923932525,1.0
10.380197851005963,0.6105857452838231,-0.9659047807264554,1.0
-0.9194242342338032,1.5499344050175394,0.31054405815004915,0.0
0.01300189187790702,1.4535340771573169,-0.13899572390905957,0.0
-0.661786464768388,0.852433334796224,0.11858845858980671,0.0
8.159125768668355,-1.2795769667357015,-0.2928382441122279,1.0
10.408252755714472,-1.7025836042378404,-0.7424110004355935,1.0
0.3241663524884421,-0.13014305436768459,0.6593595790203071,0.0
9.295656309457241,-1.4084612963635597,-0.2789142855562208,1.0
8.816741487334225,-2.0392321777601006,-0.09050522716419462,1.0
0.28099186773503265,-0.6226995198205938,-0.20548135511381282,0.0
9.287154217322836,0.10643022769189683,-0.18007429223138538,1.0
-0.01901620790268883,-1.0025293646378088,-0.10454258210591094,0.0
8.889424154534172,1.7522704434236227,-0.3083470325399871,1.0
9.841992101421011,-0.42688106994742003,-0.17710299052602996,1.0
-1.3281860488984305,0.19686123586912352,0.29189447795057677,0.0
-0.883857436201133,0.1537251059455279,-0.4834320241092154,0.0
-1.0128311203344238,0.3142473325952739,-0.99696926298302,0.0
8.443370826476096,0.6060099513456396,0.13334886614651364,1.0
11.058424486849589,-1.7587394864231143,0.1935532387255645,1.0
-0.7020530938773524,-0.3276621465977682,0.037444709190479264,0.0
1.8861859012105302,0.17457781283183896,0.74276602892419,0.0
8.33059471887863,0.543360192379935,-0.685562301192643,1.0
-0.4694743859349521,0.5425600435859647,0.2754846824439565,0.0
9.337376241054153,0.5705986685931593,0.26409578124978705,1.0
10.500917187624381,-0.977555244798551,-0.05705862679877427,1.0
9.872082408519233,-0.9555404406004258,-0.5107232305969083,1.0
11.502357052096029,0.07409478041977519,-0.5281788943961432,1.0
11.593186626639397,-0.5112156764311852,-0.6745470053211211,1.0
9.967246729784002,-0.543424771133765,-0.14754688422778717,1.0
0.9540017634932023,0.651391251305798,-0.7023135833524043,0.0
9.243649254715697,-1.4222537095976742,-0.5753906568726028,1.0
10.481009231736714,0.22388402427913137,0.8798332144050589,1.0
0.5868570938002703,2.1904556258099785,-0.731526683155624,0.0
0.35701548596504734,-0.6929095952606542,-0.19969794697831644,0.0
-1.6074832345612275,0.1846338585323042,0.7210077269466102,0.0
-0.03471176970524331,-1.168678037619532,-0.8794609742512618,0.0
10.099332305429225,0.751387123371789,-0.7309999932225719,1.0
-0.3427145165267695,-0.8022772692216189,-0.095428171901625,0.0
-1.7131345290908775,1.3538723741654128,0.6662953310810256,0.0
9.63903383418092,1.159329803364248,0.5448847805716692,1.0
9.937320902726828,0.9551423205012383,-0.17608649052467595,1.0
1.4027943109360992,-1.4018510627922809,-0.0376354501546472,0.0
1.465648768921554,-0.22577630048653566,0.9478293919880711,0.0
9.460240319690639,-0.7783047254023127,-0.0512999904355127,1.0
10.823170583961915,0.07331796718840389,0.8736188103200981,1.0
10.830335816544245,-0.8560838259088672,0.151653455700284,1.0
1.179440120721287,-0.4691756521047048,0.4834071612641917,0.0
0.7910319470430469,-0.9093874547947389,0.14836240691069458,0.0
8.918936672400102,0.6159356069442637,-0.1816883664567832,1.0
1.4511436077950417,0.9592708260852069,-0.4664661921241111,0.0
0.06980208499001891,-0.3853135968617602,-0.5118987825227159,0.0
8.221279751095722,1.496044311489183,-0.10799916537020837,1.0
0.25988279424842353,0.7818228717773104,-0.3762054120896783,0.0
-0.759132661553698,0.15039378647620763,0.6142729841949321,0.0
-0.020901593964148132,0.117327383308782,0.8725484015406089,0.0
9.925566570899953,0.620672097550678,0.9862701652759345,1.0
-0.20812225035727522,-0.4930009346588328,-0.805711163143213,0.0
7.303113357058429,-0.05429486651781221,0.5688630798797454,1.0
1.305478807154329,0.02100384163275905,0.38528859370470525,0.0
1.586016816145352,-1.237815498826849,0.2341294104840872,0.0
-0.23415337472333597,-0.23413695694918055,0.5651028851258226,0.0
0.8576596232020194,-0.1599385299634271,0.4194508905012697,0.0
0.09965136508764122,-0.5034756541161992,-0.835871601784586,0.0
10.93567839314746,1.2715550949941588,0.11407064668515399,1.0
10.638592458777374,-1.6615200622689599,-0.9556188437451114,1.0
10.576556963055767,0.3112501545435361,0.5962320181371898,1.0
10.307801768892059,-1.7101683926566256,0.9371827768449281,1.0
10.529804177915283,1.4415686206579004,0.7153621825546361,1.0
0.09767609854883172,-0.7730097838554665,0.8762389726777016,0.0
9.724948302848356,-2.301921164735585,-0.1900391054581787,1.0
11.687141635072564,0.8816397569494505,-0.9673056288667419,1.0
8.987895624739833,-1.6548566718657693,0.6571567742165099,1.0
-0.8392175232226385,-0.3092123758512146,0.9881483607568387,0.0
10.869605920105661,1.355637858804951,0.9422656467536756,1.0
10.707751935455475,-0.5624667758942676,0.20303882623274183,1.0
9.965011509503038,1.77080063563551,0.17995737673614953,1.0
-0.4465149520670211,0.8563987943234723,-0.8859009318249567,0.0
10.57707212718054,-0.2030453860429927,0.6381678726835025,1.0
0.11351734525124804,0.6621306745210467,0.861895552164651,0.0
9.139586634716048,-0.38455554422982535,0.7272381258341054,1.0
10.077368307647617,-0.8612842013282637,0.11933724675873125,1.0
10.92617754753164,1.9094166404701305,0.28115326660886875,1.0
-0.07201012158033385,1.0035328978920242,-0.7644962886459237,0.0
0.41293145427562433,-0.5637245528039747,-0.30694036205596764,0.0
9.014273953664457,0.5040465155178444,-0.04439093742841771,1.0
9.209525544554689,0.4714683571359957,0.6536827777211054,1.0
9.929834288541352,-1.6609609335159914,0.3654988561023007,1.0
-0.6017066122293969,1.8522781845089378,-0.3511787799694628,0.0
0.09699596499271819,0.5951570254369136,0.004744370398112041,0.0
11.179297184063827,0.06751848141010895,-0.8319493436608241,1.0
10.326133022242118,-1.251113576385303,-0.7268556187799371,1.0
1.5792128155073915,0.7674347291529088,-0.4523881425548224,0.0
9.076766753889096,-1.3516846056163336,-0.33742467241722207,1.0
-0.600638689918805,-0.2916937497932768,-0.08990116014333926,0.0
0.08704706823817122,-0.29900735046586746,0.6933673908985023,0.0
10.018433933065394,0.34758170536167105,0.6804236270920607,1.0
0.6901439917111125,-0.40122047188583626,0.7246419479506951,0.0
-0.8222203955664315,0.2436872114919123,-0.30023236538295905,0.0
10.181866255058495,0.24822058630033608,0.9727249412269598,1.0
-0.926930471578083,-0.05952535606180008,0.9388544760285904,0.0
0.173180925851182,0.3853173797288368,-0.848884773403267,0.0
10.756988616645351,-0.9221653241776254,0.44660615236113,1.0
2.1531824575115563,-0.7673475628880495,0.3578868524485548,0.0
-0.3152692446403456,0.7589692204932674,0.5134527393837802,0.0
0.7472936051232618,0.6103702654334648,-0.057363724702375496,0.0
0.6819529712949639,-0.31026675659345604,0.6587004795575586,0.0
-1.1509935774223028,0.37569801834567196,0.5713042758028888,0.0
7.528355499872711,-0.7968952554704768,0.8824022268990745,1.0
-1.377669367957091,-0.9378250399151228,-0.7396833171188804,0.0
9.501873632915235,-4.11133454491949,-0.11934717739095735,2.0
3.6358504147323023,-5.831919567102739,0.8668041877358077,2.0
7.092150738593864,-4.288615762019245,0.04119292102629002,2.0
9.274749807617667,-5.2001202388519445,0.6041576961763775,2.0
8.916823969896054,-5.057531183547222,-0.27648859599452646,2.0
3.0946171404067604,-5.718976958349404,-0.45241079273359186,2.0
8.297547630778224,-4.870589124721364,0.6222652967390134,2.0
6.7832473126068304,-5.508886120896697,0.5140938923198619,2.0
9.297933090916889,-5.890076849815706,-0.2514405471286427,2.0
6.684399036897021,-4.193096210688287,0.8058828133320841,2.0
4.256377306608648,-5.5611704669901005,0.5664547338344827,2.0
3.036329537862774,-5.048693763660936,0.05736104929393404,2.0
7.310060576572153,-5.246185273027129,-0.3330728598502837,2.0
7.016957419234259,-5.692770521331829,0.039233528690646224,2.0
0.9077871766804746,-5.004912536999217,0.49926756996141775,2.0
5.456996554944265,-4.186200570091228,0.0031801605307035796,2.0
0.21050233014775044,-4.1571159931793975,0.6342851992907486,2.0
1.5896148207046545,-4.449238399920834,0.5225234140942292,2.0
0.38990150221546394,-5.371914839680093,-0.3126619815799616,2.0
8.48239695363456,-5.396454342785731,0.6241690097538848,2.0
8.508007820153733,-4.95274526365152,0.567639513323303,2.0
4.380500525342263,-4.7842140937278135,0.5102814044354951,2.0
9.15996826479615,-4.096002816116281,-0.5357593220698631,2.0
9.898467433761137,-4.175631679181848,-0.4710344961050399,2.0
6.684123565386617,-5.214399600423533,0.12938413320928777,2.0
8.12097046043589,-4.024030394892337,-0.9252670749507341,2.0
8.881230912995859,-4.093505639338915,-0.387809762728486,2.0
5.066735632768572,-4.055096627126418,-0.10414412620954683,2.0
8.36107546551396,-5.665739650106554,-0.8824795257577804,2.0
9.18227939474614,-5.614642349243997,0.949327249509484,2.0
4.352718805618289,-4.278381083607753,-0.6645149029511555,2.0
7.80085728086132,-4.532760587613049,0.40603261503558685,2.0
2.9804072430797657,-4.918812121161789,0.02009255710010094,2.0
4.8085678301409205,-4.570687510042329,-0.18660093669989974,2.0
2.7343950515067963,-4.0397367319801685,-0.9521371810834747,2.0
7.354786145886764,-5.919632329550466,0.5715501124979907,2.0
6.711380199170378,-5.306104776616097,-0.44012940643004717,2.0
3.8784559466573465,-4.419266497020423,-0.5822706870911585,2.0
7.995506037083961,-5.066794699013837,0.8578750265870709,2.0
1.3386799302807495,-4.294683018054177,0.47470563424038503,2.0
3.6273725030896187,-4.981049754710208,0.6328198259432549,2.0
2.4549387115574084,-5.501485075017613,0.3599813196731778,2.0
0.2721829814889887,-4.2369238516114365,0.2218340663326155,2.0
1.6424172251788172,-5.0737204802291265,0.16074386899761306,2.0
9.274225033110508,-5.702515550199346,-0.07700330003861433,2.0
5.7606206643414035,-5.568567486726216,0.5765457881619243,2.0
1.9059196342655538,-4.676057158611153,0.11360697786776708,2.0
1.217586115703988,-5.635500736547624,-0.872878628204456,2.0
2.5630643262470465,-5.9231766065782185,-0.7236268613402537,2.0
8.938784137649098,-5.5808844875592385,-0.4168171326072241,2.0
3.912950375044425,-4.462725937746118,-0.6835190894180663,2.0
2.32569218906563,-4.617681250072344,-0.641889566481044,2.0
2.007766519841405,-4.718580200446647,-0.4469184570531062,2.0
7.456539703764244,-5.572582901176705,-0.3218963300022739,2.0
9.211023737777532,-4.818418056214185,-0.598136544321556,2.0
1.626639959660653,-4.739654758721718,0.7254120234752461,2.0
7.4742536471499745,-5.356294904364417,0.8973671220456558,2.0
4.498406135185028,-4.805185133544343,-0.24983169585877874,2.0
1.4641085965163603,-4.796339524388519,-0.7807712377729448,2.0
0.3909024948294626,-4.775783932407922,0.6117181704295256,2.0
2.097866333621985,-4.134411940085042,-0.25175224737601987,2.0
2.2080977193897344,-5.535631935574224,0.3485756654121328,2.0
2.7780389768175437,-4.905120394530741,0.9421345308693854,2.0
4.925915104760362,-5.5770786061654105,0.3583869603292795,2.0
5.622921120059957,-5.9130953027599595,-0.4393106303873886,2.0
0.3329290960419229,-5.253772222770843,0.42452452656198436,2.0
7.516446895955057,-5.883948463598028,-0.46596957966127794,2.0
4.449235145706446,-5.641346235006415,-0.08546494681040095,2.0
3.8034998469441983,-4.201575238670424,-0.10214898574480791,2.0
7.464234106673945,-5.511844800083729,0.7756819774585122,2.0
8.169842916486306,-4.6865955032158535,0.326610011706328,2.0
2.321113150634444,-5.517647170251801,0.10369964968313039,2.0
0.6568819875237331,-4.653793168289107,0.12087363226375913,2.0
5.283103086456739,-5.3184763494750475,-0.30792711265930217,2.0
3.1224335633448916,-5.914303171633466,-0.9379855057384483,2.0
5.928925202072107,-5.431807573969492,0.90157505686066,2.0
7.044564887873232,-4.390600378654321,0.9048565783003628,2.0
4.573019198283797,-5.512705586025957,0.41788810679350963,2.0
6.264854468020103,-4.788530730821129,-0.3595926756123353,2.0
4.600327869898147,-5.85140268491796,-0.5509821827244636,2.0
6.643249853375446,-5.41003211491245,0.16569285467362915,2.0
0.6106788410823683,-5.871921116951465,0.38471380157762214,2.0
3.1695512630088762,-4.778530768703278,-0.4597608840953913,2.0
5.814057398334925,-5.083222469782565,-0.9887323595347939,2.0
1.1603527593261675,-4.39769386133106,-0.14244586425259564,2.0
6.688253581630224,-5.796354506205309,0.9127585293069884,2.0
9.667864653248495,-5.897742911966321,0.5891620914845321,2.0
1.9842501079542207,-5.997102067696631,0.6488384416569548,2.0
2.7167107005701863,-4.762954043888795,0.9624952187941718,2.0
3.454836714604177,-5.183344020618606,-0.6060452939943228,2.0
2.8892918865768635,-5.590444498374531,0.5136145317675713,2.0
8.377173482662753,-4.872390093773693,-0.752980423237948,2.0
3.979741372928849,-5.2855412013244845,0.5409612719871009,2.0
0.26849953261528725,-5.872870103139817,0.15035187789269866,2.0
9.377255115873133,-5.11316045519163,-0.3263080337919093,2.0
4.707122832034818,-4.220186122819465,-0.006741436743225471,2.0
3.486028016987043,-5.077000163473112,0.33239957541982346,2.0
4.21535076905907,-4.947432464443108,-0.47225940759886686,2.0
2.247549196977756,-4.445601454833589,-0.34862851510709625,2.0
3.158274019135998,-5.706086712892457,0.6119992453308798,2.0
2.6459946893625643,-4.838038868308049,0.08279430509249108,2.0
6.603268783296407,-5.349993251318062,-0.02075681610690827,2.0
5.92762062228382,-5.647861791257025,-0.08208205235697141,2.0
3.904258591089942,-4.756841740336559,0.9284622929890991,2.0
0.1824818103217385,-4.273728008419463,0.6808798160563259,2.0
1.7857944867860442,-4.17197149257714,-0.962901447482067,2.0
3.8190111776798163,-4.308577289063292,0.8912358325026519,2.0
2.8910363043876974,-5.076095934579303,-0.7469685452353572,2.0
0.05092600354214882,-5.6704094405139065,-0.025613626902551978,2.0
7.657907296371875,-4.804542354834108,0.5848414205499548,2.0
1.8570234165618837,-5.49339908517816,-0.8965587793946084,2.0
5.852475122522051,-5.829720335585931,-0.06949772855921421,2.0
2.361079124130907,-4.58622215525253,0.17684897459367788,2.0
9.723615128160057,-5.801057724769152,0.45930890046427475,2.0
0.9789097307890959,-5.766001342205824,0.1709801878390078,2.0
0.4938737808074689,-4.005352562795479,0.3196236872137854,2.0
2.447089387861745,-5.280795350368182,0.322054423588197,2.0
8.842807984965901,-4.433019302897469,0.7379654382604441,2.0
8.077810308678957,-4.900831407373895,-0.22828906923777326,2.0
8.106946854635122,-4.485037350994359,0.8776287781495566,2.0
4.737939903799598,-5.968821863242789,-0.7640064679281144,2.0
2.7740695040936956,-5.146950565931358,0.7628800063056136,2.0
6.40803003014955,-4.519909949799303,-0.9701083615985822,2.0
7.820949224711624,-5.435045951223787,0.07309649272115126,2.0
3.76100145183519,-5.978294235204118,-0.7975268419185848,2.0
4.711662429066786,-5.007789333070452,-0.6726675468397236,2.0
4.641037217066716,-5.238388193748552,-0.3352257316315377,2.0
3.168485975575045,-4.616620051975316,0.5162318985343286,2.0
9.983201794995171,-4.728688468419259,-0.5693803178437113,2.0
8.064562648148359,-4.370171237001951,-0.6461080739086544,2.0
0.15384166300059232,-4.736805743297939,-0.25873758943681313,2.0
1.561461189802199,-4.090427222296193,-0.6974755219149453,2.0
5.25446078320228,-4.701001038126869,-0.8721043372717976,2.0
0.026969012997442032,-4.843075876492206,0.09534046151977749,2.0
4.744581593378255,-4.945287652715264,0.027273327271797543,2.0
9.522054285031091,-5.730247871441184,0.47747865930965183,2.0
0.8205552171410757,-4.541045477607967,-0.16794324301799346,2.0
2.140182024622429,-4.183089828661384,-0.18695410387907385,2.0
5.4833029054095945,-4.0942384352788075,0.5660227281489154,2.0
8.586530804878706,-4.066298851149805,-0.5640443500785279,2.0
4.535449940488977,-5.6669309435933695,0.37351666465949696,2.0
1.4108045449005169,-5.6782407461441,-0.3630119385193471,2.0
7.7426950486548005,-5.376822761586184,-0.4229199280764011,2.0
0.7935688168515809,-5.789021490736221,0.1895099662615165,2.0
7.804158282125881,-5.214845771769873,0.8102988536018609,2.0
3.502239328731939,-5.097054194932222,-0.16858205385069236,2.0
7.1210471285805275,-5.091198102607249,-0.7274041980440866,2.0
8.16586844689773,-5.057485027094839,-0.11789984963283029,2.0
1.7236022413667162,-5.353909711796264,0.9535141891492385,2.0
2.167098046102527,-5.873871788110893,-0.7788870636560359,2.0
6.595453161334633,5.339209951956903,-0.05297658351107115,3.0
0.21153820318017935,7.725805942234013,0.8881231180093507,3.0
7.100594318839687,5.76648940685996,0.16958630657327478,3.0
8.019451320428175,7.852489922621778,0.35742111844609936,3.0
5.10180732715266,7.167369926602605,-0.4780479858517903,3.0
10.841191040541611,5.18992018638699,-0.5243417098365502,3.0
3.12462605349195,6.239582951866969,-0.055462545587503076,3.0
3.6554117075045123,5.1850378746856425,-0.11966404484802262,3.0
5.087897664407217,5.694307407493239,-0.5196642621790903,3.0
4.478297698797786,5.77400408933374,0.4229070455410564,3.0
3.1718626630016726,5.138907346339751,-0.5176613369521006,3.0
1.8677450944378546,7.116156435674267,0.41056238907249787,3.0
8.719412569196344,5.872108437972351,0.04264097330254124,3.0
9.213427085841788,7.1802282060385885,0.6867173717600168,3.0
8.243058388527395,5.912187787592013,0.020784645211381125,3.0
9.54636840722004,6.897960960453706,0.09637324939098368,3.0
0.7112734719895406,6.819038185475407,0.7885844762367384,3.0
6.552291389005092,6.405894936415115,-0.3080997810887207,3.0
3.081109348472725,7.458761815073098,0.03129511306562516,3.0
4.052495881199425,6.1671073428971255,-0.3267999381845861,3.0
4.368912769929745,6.05271016355213,0.9978178267232347,3.0
2.6970884422267862,6.017681905540729,-0.7466977752834214,3.0
4.8123625510291355,6.72746345035192,0.33045515735457887,3.0
9.146107135838617,5.816270359247284,0.830752343290815,3.0
5.637597423924023,6.162706169853086,0.34215665436606013,3.0
4.092371491546442,6.866242950497952,-0.5377109082334717,3.0
3.2594072349076963,7.53706791693449,0.6004367351598936,3.0
4.523426020453503,6.5109669159891,0.01097885369498397,3.0
8.714506591773391,7.697814173835679,0.6034687317561334,3.0
11.501654595387503,7.986484220471011,-0.8685515138201065,3.0
6.2160816057579655,7.1958081499910325,-0.17271423062154434,3.0
11.144632811116335,5.052661836429703,-0.8268215254209532,3.0
1.2985427380665606,6.218986209998036,-0.4183580783798069,3.0
0.7016644722323582,6.819651076263167,-0.33255948863046436,3.0
8.279939957666208,6.8459700618364945,-0.11485666432485186,3.0
10.36996985545444,6.822995817791262,0.9252749080490148,3.0
6.859486924855467,7.417631413941971,-0.2815038421518581,3.0
1.1980527511147576,6.604244408760427,0.6843888828962803,3.0
6.406169525104751,6.863445914974159,-0.5256638889075149,3.0
0.12104119627391352,7.432292962522531,-0.6571601567493519,3.0
2.622543233059572,6.7770722249989275,0.46894303165958107,3.0
4.461485555503274,5.588611336105477,-0.5131186881606995,3.0
10.886741503993585,6.512896018062771,-0.42841279376974484,3.0
3.1653936828677645,5.629512288489927,0.32999894754112113,3.0
11.170907179774767,7.222150107747563,0.8167481232102518,3.0
6.317410330099281,5.202359202192181,0.7390340559001629,3.0
2.6880465855747815,5.163648494600611,0.2693607391656858,3.0
6.992772280979073,7.33018202949163,-0.6699715677384721,3.0
0.06408989340517923,6.857128584531974,-0.7807474822422762,3.0
7.480719627735272,7.944188217737972,-0.740100950509879,3.0
8.552770318056647,7.385910607666938,-0.7683030266492752,3.0
1.5335525605672315,6.843025441143903,0.04040670679219471,3.0
1.8243922263754042,6.225066632218105,-0.07437608619160585,3.0
2.3923932143649425,7.4595660389461536,0.32572442010752467,3.0
1.455265056634298,6.39339491457829,0.14280792088111927,3.0
9.02355450402477,6.838339123844088,0.47807034731877995,3.0
7.55279394362721,6.672611443978681,0.4786151481197498,3.0
8.259089354915035,5.337862010850545,-0.7228007168460904,3.0
7.376737127082009,5.613928895729379,-0.6738271551326327,3.0
11.031098162457026,6.315611254179792,-0.9304402710371269,3.0
9.007640543290584,7.198817857878236,-0.5779108630135561,3.0
7.727892915318595,6.017838822340163,0.2765703208748802,3.0
10.891380757114607,7.611206168681905,0.48273413015572264,3.0
0.7878983147724563,5.233947081228932,-0.08971149655537691,3.0
10.335795444449912,7.50603246660951,-0.29435936566883325,3.0
10.438680146564709,7.225884048678796,-0.796529041300835,3.0
8.625932828917717,6.999189515235042,-0.5035958408336574,3.0
11.122040015760755,5.354302755647171,-0.8371943265375337,3.0
6.750119346487242,5.871916565708395,-0.35575182053791576,3.0
1.1269562657149197,5.770836087299213,-0.9280275502840833,3.0
8.804891825520999,5.959954040093974,-0.7348144409866808,3.0
1.265531863834183,5.093785622295732,-0.6439605881147423,3.0
8.316550093456993,5.354255590568548,-0.16203113781823464,3.0
0.8133178683855902,5.061064263177951,0.20083365687493693,3.0
0.1866798583470919,7.858434280961291,0.7490252960023431,3.0
9.396922974895638,6.792266064606343,-0.4385515742575208,3.0
9.813031562843431,7.423744080003992,0.7781794422719583,3.0
8.091928814629767,7.12731974060603,0.19769941456316054,3.0
11.385526382283471,6.801503153570027,-0.911155052571375,3.0
4.054276797544395,5.839392589606143,-0.7561638257890007,3.0
0.7344408536985312,6.827563848396591,-0.617209135237788,3.0
6.521732258656117,6.39585905948576,-0.35657971086253615,3.0
10.591186635165453,7.247495263763547,0.005490654709368714,3.0
3.5254262084496366,6.513298572453253,0.8986536298192682,3.0
3.1861368676328508,5.81584984300992,0.23302153813349769,3.0
5.603489069312933,7.621983873447444,-0.23746533298818373,3.0
0.9031463708198677,5.807292011050239,-0.46280522789929734,3.0
7.236022506788391,5.482322865951688,-0.6279645590123102,3.0
2.3290009010751365,6.151830676614245,-0.07711742889710216,3.0
10.405633618279179,6.402507282911801,-0.9955305056744468,3.0
11.244876336954402,6.750330032265258,-0.9238232800144273,3.0
3.3557761593791353,6.340539980020911,0.24354043208762155,3.0
5.866284345142622,5.858020782490707,0.9943375135551309,3.0
3.293870592804848,7.991425086315296,0.5455346748992937,3.0
8.758113282685317,6.854142361109258,-0.9768355684006167,3.0
6.454055629890697,6.242735146022763,-0.13726919526301806,3.0
6.702176829256757,7.008161448192587,0.5321556051151803,3.0
0.7527169801915665,5.552957552396228,0.615415796397746,3.0
4.616548434889439,6.592966050200608,0.28296367244228837,3.0
1.7293758846558132,7.377808694864253,-0.9155830974514074,3.0
7.704636524456905,6.926317484650159,-0.7461862495559739,3.0
3.7183071555513676,6.9348018214728,-0.8996251963340138,3.0
1.4345677298501083,6.1458028290574696,-0.7987069442961703,3.0
6.833694780122456,5.094438645630387,0.17201367292357328,3.0
6.68354894750509,5.568498747847751,0.37289719184313075,3.0
9.632355502963609,6.409768850865461,-0.07377414608071509,3.0
4.558855677358292,7.174944673246124,0.5441403758580929,3.0
6.713929084340453,7.822384975481593,-0.32206966124722913,3.0
2.761790724661052,7.923918713195401,0.3382804459329074,3.0
7.130551851971398,7.435382138946116,-0.6829193747699693,3.0
0.7972184998423009,6.751055529707808,-0.20360178774584425,3.0
10.676575770972015,5.16474276887649,-0.9952700233141392,3.0
10.94575692183576,6.365530863097762,-0.15699973846018778,3.0
5.848341906257432,5.988119879760587,0.1900886610586947,3.0
1.9072122003579084,5.8621103846641525,-0.690887577491271,3.0
5.118644145596868,5.369625478449854,0.13805201265886424,3.0
8.697885955379135,7.129258010422036,-0.5497071246703347,3.0
4.536517300345473,6.760426556092865,-0.9899747499565827,3.0
1.697731578906073,7.048473268371011,0.23382543750016627,3.0
2.9338253173524684,5.085953199201397,0.27349995062242116,3.0
2.6904152612880767,6.176763998921132,0.9468509842906738,3.0
5.990772072619113,5.684046700669031,0.22621334851789232,3.0
1.8440185941590133,6.032682757051585,-0.017029658767385714,3.0
8.300197471710776,5.287852826284304,0.6498972899971813,3.0
10.09852762610853,5.380885650820585,-0.4005682737949072,3.0
7.69107326788783,5.791423924946364,-0.4619628355883658,3.0
11.414034189051767,6.251106580070511,0.26500450597753056,3.0
7.002968637834962,5.769943618200955,0.7997755530142163,3.0
7.536047794649485,7.104828406636559,0.6085896843624519,3.0
9.697793769080208,6.182706791669007,-0.727845364705195,3.0
1.153938438183563,7.129470750767432,0.884377695525115,3.0
1.608604774684204,6.134257747518588,-0.5920258156452975,3.0
4.855882022259372,6.571928893751609,0.6420419924618972,3.0
10.171195358869802,6.902340190751472,-0.8681523180282118,3.0
4.905501024610932,7.174568291897287,-0.24458147282989895,3.0
3.1177685655719625,6.5336942954293,-0.3645705099968246,3.0
7.744310767319185,6.759241415460685,-0.36314969934010444,3.0
7.006571390445898,7.926381751205223,0.2249001399254369,3.0
9.98942170422605,7.950258481388695,-0.5184308052875461,3.0
10.085137502558174,5.430690833558667,-0.8897997012246293,3.0
10.090817050564413,7.0057127338151055,0.8832684196162719,3.0
9.125504240028366,7.486025395615224,-0.2853586972626352,3.0
7.393215015023337,6.604682427345346,0.25120901331613843,3.0
0.17124466377106407,6.741730465875568,-0.6642047862695526,3.0
4.55685041209747,7.664213815544111,-0.4914740146381231,3.0
8.040983256324672,7.349136360500646,0.6564106116028918,3.0
11.239832463812542,5.847036435101044,0.28105395777920594,3.0
11.8038329460825,7.874721091951462,0.5696746230210954,3.0
3.6195094477333867,6.645824523491165,0.10570151357775415,3.0
5.659733194517282,5.0372952736803045,0.34127431264402364,3.0
8.577305877069687,6.3893894246476455,0.31554520253039153,3.0
0.06576193401602248,5.435346451357195,0.4608344670803377,3.0
9.449960229317714,7.69454421568517,0.28500538419851607,3.0
0.42993280995759475,6.510055157188011,-0.3328025863750417,3.0
1.681782059604933,6.072546443435155,-0.14520660417883602,3.0
8.20224489390829,5.651264339646669,0.9811627119420665,3.0
11.322744419580225,6.731891086485177,-0.879211999883738,3.0
9.248782633049876,5.163383423634153,-0.3434991400605878,3.0
6.342831282305795,7.109000542119789,0.726803419422136,3.0
7.2067468800931405,5.229348754283908,-0.08632340596631627,3.0
3.274238119117523,7.568578867786537,-0.375666131184901,3.0
0.9531553839377609,5.352296469259884,-0.5452054774358297,3.0
10.581292157162132,6.092622840350879,0.23521913127810667,3.0
3.3574872555652684,6.4878870876977865,-0.284957007856518,3.0
10.822582067749899,6.04277338919916,0.8868943327704764,3.0
10.879581994299045,6.784334434926318,0.21677842435427586,3.0
8.675753083528202,5.505281098368777,-0.19118421522946027,3.0
10.550894939320346,6.753103785268263,-0.9805317793358008,3.0
1.688514326457447,5.8467454917335075,-0.026813389748280736,3.0
10.826774449867775,7.670029146487488,0.4416545118768189,3.0
9.305778067537105,5.596896222341489,0.12968869193216537,3.0
2.631693391179565,7.653627510194647,0.48581915091330163,3.0
7.184487485122716,7.47124621008197,0.6475460714574284,3.0
4.395072710273785,6.677484529792629,0.9258978551151025,3.0
11.379577615350149,5.75645430712913,-0.4757100892768018,3.0
10.015221208811315,6.224107921938256,0.28431521179161123,3.0
4.7088862683962205,5.54870058179631,0.8109306026972327,3.0
4.164141867447595,5.1313316169872145,-0.9541328715602599,3.0
6.596000571257097,6.210859239763,0.5555328568945002,3.0
3.694389249991832,6.116938984488553,0.3292325050662528,3.0
6.927269383158286,6.280782000578795,-0.4424767918461441,3.0
7.340215431892563,7.557044433576628,-0.13499589193611872,3.0
1.6031826190004583,6.057031772314657,0.5005629555712006,3.0
9.148310119507993,7.187278874835152,-0.49062689906349566,3.0
9.43463730356456,6.4505772998601785,-0.46386441718371296,3.0
7.309907836604026,5.6223808387078815,0.5326354239140287,3.0
9.807689348200377,7.870948020082602,0.20932042770826653,3.0
4.200859300145321,6.312628440406385,-0.38565810520774524,3.0
5.707547060935722,7.282336689385891,0.22503656851874276,3.0
6.551015397608246,6.313407214403079,0.9600836838553641,3.0
6.244251137717142,7.026784579396474,-0.48035931775391005,3.0
0.43036843465420604,5.2136700480874705,-0.5950677162912197,3.0
8.49662773011729,6.688625016076907,0.74746800707938,3.0
1.1074027854808386,6.79357036563863,-0.4503874945116131,3.0
11.074107315316839,5.352975996866187,-0.6252865233705971,3.0
5.154902346864622,7.748104525369462,0.2530564655038765,3.0
5.951067268799072,7.555337278023886,0.4054163185080084,3.0
0.5147364175093454,7.375382300251129,-0.30255727788629305,3.0
2.139403774289456,7.3672834357531976,0.4613512922298262,3.0
2.3685492462401374,5.255305207550211,0.16644236847113825,3.0
